 x, y, z, s
   11.6088696     ,   8.52774620     ,   8.47125053     ,   0.00000000    
   11.5986834     ,   8.51653957     ,   8.49696636     ,   2.98442747E-02
   11.5886402     ,   8.50493145     ,   8.52206135     ,   5.92609532E-02
   11.5787411     ,   8.49292946     ,   8.54654026     ,   8.82658958E-02
   11.5689831     ,   8.48053741     ,   8.57040977     ,  0.116875365    
   11.5593662     ,   8.46776390     ,   8.59367561     ,  0.145106643    
   11.5498896     ,   8.45461273     ,   8.61634636     ,  0.172976166    
   11.5405521     ,   8.44109344     ,   8.63842583     ,  0.200498253    
   11.5313511     ,   8.42720985     ,   8.65992260     ,  0.227692485    
   11.5222883     ,   8.41296864     ,   8.68084145     ,  0.254572511    
   11.5133610     ,   8.39837646     ,   8.70118999     ,  0.281155884    
   11.5045691     ,   8.38344002     ,   8.72097397     ,  0.307458103    
   11.4959126     ,   8.36816502     ,   8.74019909     ,  0.333494186    
   11.4873867     ,   8.35255718     ,   8.75887299     ,  0.359281331    
   11.4789944     ,   8.33662415     ,   8.77700043     ,  0.384833276    
   11.4707336     ,   8.32037163     ,   8.79459000     ,  0.410166502    
   11.4626026     ,   8.30380726     ,   8.81164646     ,  0.435294807    
   11.4546013     ,   8.28693390     ,   8.82817650     ,  0.460234344    
   11.4467287     ,   8.26976109     ,   8.84418678     ,  0.484997183    
   11.4389820     ,   8.25229359     ,   8.85968304     ,  0.509599328    
   11.4313631     ,   8.23453808     ,   8.87467289     ,  0.534053087    
   11.4238691     ,   8.21650124     ,   8.88916206     ,  0.558372498    
   11.4164991     ,   8.19818783     ,   8.90315533     ,  0.582569718    
   11.4092541     ,   8.17960644     ,   8.91666222     ,  0.606656790    
   11.4021301     ,   8.16076183     ,   8.92968655     ,  0.630646586    
   11.3951283     ,   8.14166069     ,   8.94223595     ,  0.654549718    
   11.3882475     ,   8.12230873     ,   8.95431709     ,  0.678377926    
   11.3814869     ,   8.10271454     ,   8.96593475     ,  0.702140033    
   11.3748436     ,   8.08288097     ,   8.97709656     ,  0.725848198    
   11.3683186     ,   8.06281662     ,   8.98780918     ,  0.749510884    
   11.3619108     ,   8.04252815     ,   8.99807739     ,  0.773135662    
   11.3556185     ,   8.02202034     ,   9.00790977     ,  0.796733022    
   11.3494406     ,   8.00129890     ,   9.01731014     ,  0.820310950    
   11.3433781     ,   7.98037243     ,   9.02628803     ,  0.843874753    
   11.3374271     ,   7.95924616     ,   9.03484631     ,  0.867433071    
   11.3315878     ,   7.93792582     ,   9.04299450     ,  0.890992343    
   11.3258610     ,   7.91641855     ,   9.05073738     ,  0.914557338    
   11.3202419     ,   7.89473057     ,   9.05808067     ,  0.938134313    
   11.3147335     ,   7.87286663     ,   9.06503201     ,  0.961728275    
   11.3093338     ,   7.85083628     ,   9.07159805     ,  0.985342324    
   11.3040409     ,   7.82864237     ,   9.07778358     ,   1.00898242    
   11.2988529     ,   7.80629444     ,   9.08359718     ,   1.03264964    
   11.2937717     ,   7.78379536     ,   9.08904266     ,   1.05634952    
   11.2887936     ,   7.76115322     ,   9.09412861     ,   1.08008313    
   11.2839184     ,   7.73837423     ,   9.09885979     ,   1.10385382    
   11.2791471     ,   7.71546555     ,   9.10324383     ,   1.12766135    
   11.2744770     ,   7.69243145     ,   9.10728645     ,   1.15150905    
   11.2699070     ,   7.66928005     ,   9.11099434     ,   1.17539668    
   11.2654352     ,   7.64601755     ,   9.11437321     ,   1.19932520    
   11.2610626     ,   7.62264872     ,   9.11742973     ,   1.22329533    
   11.2567883     ,   7.59918070     ,   9.12017155     ,   1.24730647    
   11.2526093     ,   7.57562113     ,   9.12260246     ,   1.27135694    
   11.2485266     ,   7.55197287     ,   9.12473106     ,   1.29544902    
   11.2445393     ,   7.52824640     ,   9.12656403     ,   1.31957817    
   11.2406445     ,   7.50444508     ,   9.12810516     ,   1.34374523    
   11.2368422     ,   7.48057652     ,   9.12936401     ,   1.36794758    
   11.2331333     ,   7.45664692     ,   9.13034344     ,   1.39218271    
   11.2295132     ,   7.43266153     ,   9.13105297     ,   1.41644990    
   11.2259846     ,   7.40862751     ,   9.13149834     ,   1.44074583    
   11.2225437     ,   7.38455200     ,   9.13168430     ,   1.46506655    
   11.2191906     ,   7.36043930     ,   9.13161850     ,   1.48941135    
   11.2159243     ,   7.33629751     ,   9.13130760     ,   1.51377499    
   11.2127438     ,   7.31213140     ,   9.13075638     ,   1.53815567    
   11.2096500     ,   7.28794861     ,   9.12997246     ,   1.56254840    
   11.2066383     ,   7.26375484     ,   9.12896347     ,   1.58694959    
   11.2037106     ,   7.23955679     ,   9.12773323     ,   1.61135519    
   11.2008648     ,   7.21535969     ,   9.12628937     ,   1.63576198    
   11.1981001     ,   7.19117117     ,   9.12463856     ,   1.66016364    
   11.1954155     ,   7.16699696     ,   9.12278652     ,   1.68455720    
   11.1928101     ,   7.14284229     ,   9.12073994     ,   1.70893800    
   11.1902828     ,   7.11871099     ,   9.11850166     ,   1.73330402    
   11.1878328     ,   7.09460306     ,   9.11607552     ,   1.75765765    
   11.1854601     ,   7.07051754     ,   9.11346054     ,   1.78200030    
   11.1831608     ,   7.04645538     ,   9.11065960     ,   1.80633414    
   11.1809368     ,   7.02241659     ,   9.10767460     ,   1.83065927    
   11.1787853     ,   6.99840021     ,   9.10450649     ,   1.85497916    
   11.1767073     ,   6.97440624     ,   9.10115814     ,   1.87929440    
   11.1746998     ,   6.95043468     ,   9.09762955     ,   1.90360737    
   11.1727619     ,   6.92648697     ,   9.09392357     ,   1.92791748    
   11.1708937     ,   6.90256119     ,   9.09004116     ,   1.95222819    
   11.1690950     ,   6.87865829     ,   9.08598518     ,   1.97653937    
   11.1673613     ,   6.85477734     ,   9.08175564     ,   2.00085354    
   11.1656961     ,   6.83091974     ,   9.07735538     ,   2.02517080    
   11.1640949     ,   6.80708313     ,   9.07278538     ,   2.04949427    
   11.1625576     ,   6.78327036     ,   9.06804752     ,   2.07382250    
   11.1610851     ,   6.75947857     ,   9.06314373     ,   2.09815884    
   11.1596737     ,   6.73571014     ,   9.05807495     ,   2.12250280    
   11.1583233     ,   6.71196270     ,   9.05284405     ,   2.14685678    
   11.1570339     ,   6.68823862     ,   9.04745197     ,   2.17122054    
   11.1558046     ,   6.66453648     ,   9.04189968     ,   2.19559526    
   11.1546326     ,   6.64085531     ,   9.03618908     ,   2.21998334    
   11.1535177     ,   6.61719656     ,   9.03032398     ,   2.24438381    
   11.1524601     ,   6.59356022     ,   9.02430248     ,   2.26879835    
   11.1514568     ,   6.56994534     ,   9.01812935     ,   2.29322696    
   11.1505079     ,   6.54635239     ,   9.01180458     ,   2.31767154    
   11.1496134     ,   6.52278042     ,   9.00533009     ,   2.34213281    
   11.1487703     ,   6.49923086     ,   8.99870777     ,   2.36661029    
   11.1479778     ,   6.47570324     ,   8.99193859     ,   2.39110518    
   11.1472378     ,   6.45219660     ,   8.98502541     ,   2.41561890    
   11.1465454     ,   6.42871189     ,   8.97796822     ,   2.44015074    
   11.1459026     ,   6.40524817     ,   8.97076988     ,   2.46470189    
   11.1453066     ,   6.38180637     ,   8.96343327     ,   2.48927259    
   11.1447563     ,   6.35838556     ,   8.95595741     ,   2.51386333    
   11.1442518     ,   6.33498573     ,   8.94834614     ,   2.53847528    
   11.1437922     ,   6.31160736     ,   8.94059944     ,   2.56310797    
   11.1433754     ,   6.28825045     ,   8.93271923     ,   2.58776188    
   11.1430006     ,   6.26491451     ,   8.92470837     ,   2.61243701    
   11.1426678     ,   6.24159956     ,   8.91656685     ,   2.63713503    
   11.1423759     ,   6.21830606     ,   8.90829754     ,   2.66185474    
   11.1421223     ,   6.19503307     ,   8.89990234     ,   2.68659711    
   11.1419086     ,   6.17178106     ,   8.89138222     ,   2.71136141    
   11.1417313     ,   6.14854956     ,   8.88273907     ,   2.73614931    
   11.1415901     ,   6.12533951     ,   8.87397385     ,   2.76096010    
   11.1414852     ,   6.10214996     ,   8.86508942     ,   2.78579354    
   11.1414137     ,   6.07898092     ,   8.85608578     ,   2.81065035    
   11.1413755     ,   6.05583286     ,   8.84696674     ,   2.83553052    
   11.1413708     ,   6.03270483     ,   8.83773232     ,   2.86043382    
   11.1413975     ,   6.00959778     ,   8.82838440     ,   2.88536000    
   11.1414547     ,   5.98651123     ,   8.81892586     ,   2.91030931    
   11.1415405     ,   5.96344471     ,   8.80935574     ,   2.93528199    
   11.1416550     ,   5.94039917     ,   8.79967880     ,   2.96027708    
   11.1417971     ,   5.91737366     ,   8.78989506     ,   2.98529553    
   11.1419659     ,   5.89436817     ,   8.78000546     ,   3.01033735    
   11.1421604     ,   5.87138271     ,   8.77001381     ,   3.03540111    
   11.1423779     ,   5.84841776     ,   8.75992012     ,   3.06048775    
   11.1426210     ,   5.82547283     ,   8.74972534     ,   3.08559632    
   11.1428852     ,   5.80254841     ,   8.73943329     ,   3.11072683    
   11.1431713     ,   5.77964306     ,   8.72904396     ,   3.13587928    
   11.1434774     ,   5.75675821     ,   8.71856117     ,   3.16105318    
   11.1438036     ,   5.73389292     ,   8.70798302     ,   3.18624878    
   11.1441479     ,   5.71104717     ,   8.69731426     ,   3.21146512    
   11.1445103     ,   5.68822193     ,   8.68655491     ,   3.23670197    
   11.1448879     ,   5.66541576     ,   8.67570686     ,   3.26195955    
   11.1452827     ,   5.64263010     ,   8.66477394     ,   3.28723598    
   11.1456909     ,   5.61986303     ,   8.65375328     ,   3.31253290    
   11.1461134     ,   5.59711599     ,   8.64265060     ,   3.33784866    
   11.1465473     ,   5.57438850     ,   8.63146687     ,   3.36318278    
   11.1469936     ,   5.55168009     ,   8.62020111     ,   3.38853598    
   11.1474504     ,   5.52899122     ,   8.60885811     ,   3.41390657    
   11.1479168     ,   5.50632191     ,   8.59743786     ,   3.43929410    
   11.1483917     ,   5.48367167     ,   8.58594322     ,   3.46469879    
   11.1488743     ,   5.46104050     ,   8.57437420     ,   3.49011993    
   11.1493626     ,   5.43842840     ,   8.56273365     ,   3.51555705    
   11.1498585     ,   5.41583538     ,   8.55102253     ,   3.54100990    
   11.1503572     ,   5.39326191     ,   8.53924274     ,   3.56647730    
   11.1508589     ,   5.37070704     ,   8.52739620     ,   3.59195852    
   11.1513643     ,   5.34817123     ,   8.51548481     ,   3.61745381    
   11.1518707     ,   5.32565403     ,   8.50350952     ,   3.64296222    
   11.1523790     ,   5.30315685     ,   8.49147129     ,   3.66848326    
   11.1528845     ,   5.28068018     ,   8.47937012     ,   3.69401550    
   11.1533890     ,   5.25822449     ,   8.46720600     ,   3.71955919    
   11.1538897     ,   5.23579121     ,   8.45497894     ,   3.74511266    
   11.1543856     ,   5.21338129     ,   8.44269085     ,   3.77067518    
   11.1548748     ,   5.19099522     ,   8.43034077     ,   3.79624701    
   11.1553583     ,   5.16863346     ,   8.41792774     ,   3.82182741    
   11.1558323     ,   5.14629841     ,   8.40545464     ,   3.84741402    
   11.1562967     ,   5.12398958     ,   8.39291954     ,   3.87300754    
   11.1567507     ,   5.10170841     ,   8.38032341     ,   3.89860678    
   11.1571913     ,   5.07945538     ,   8.36766624     ,   3.92421150    
   11.1576185     ,   5.05723143     ,   8.35494804     ,   3.94982028    
   11.1580324     ,   5.03503799     ,   8.34217072     ,   3.97543263    
   11.1584282     ,   5.01287556     ,   8.32933331     ,   4.00104761    
   11.1588078     ,   4.99074459     ,   8.31643486     ,   4.02666569    
   11.1591692     ,   4.96864700     ,   8.30347824     ,   4.05228424    
   11.1595097     ,   4.94658279     ,   8.29046154     ,   4.07790422    
   11.1598291     ,   4.92455339     ,   8.27738571     ,   4.10352421    
   11.1601257     ,   4.90255928     ,   8.26425076     ,   4.12914324    
   11.1604004     ,   4.88060141     ,   8.25105858     ,   4.15476084    
   11.1606483     ,   4.85868073     ,   8.23780632     ,   4.18037701    
   11.1608706     ,   4.83679819     ,   8.22449684     ,   4.20599079    
   11.1610661     ,   4.81495428     ,   8.21112823     ,   4.23160076    
   11.1612320     ,   4.79315090     ,   8.19770241     ,   4.25720692    
   11.1613674     ,   4.77138758     ,   8.18421936     ,   4.28280926    
   11.1614733     ,   4.74966621     ,   8.17067909     ,   4.30840492    
   11.1615458     ,   4.72798681     ,   8.15708160     ,   4.33399582    
   11.1615849     ,   4.70635128     ,   8.14342690     ,   4.35958004    
   11.1615877     ,   4.68476009     ,   8.12971687     ,   4.38515663    
   11.1615543     ,   4.66321373     ,   8.11594963     ,   4.41072559    
   11.1614847     ,   4.64171314     ,   8.10212708     ,   4.43628597    
   11.1613750     ,   4.62025976     ,   8.08824730     ,   4.46183825    
   11.1612263     ,   4.59885406     ,   8.07431316     ,   4.48738003    
   11.1610355     ,   4.57749653     ,   8.06032276     ,   4.51291275    
   11.1608019     ,   4.55618954     ,   8.04627800     ,   4.53843403    
   11.1605244     ,   4.53493214     ,   8.03217793     ,   4.56394386    
   11.1602011     ,   4.51372623     ,   8.01802254     ,   4.58944225    
   11.1598320     ,   4.49257183     ,   8.00381374     ,   4.61492777    
   11.1594152     ,   4.47147131     ,   7.98955059     ,   4.64040041    
   11.1589489     ,   4.45042419     ,   7.97523355     ,   4.66586018    
   11.1584339     ,   4.42943239     ,   7.96086216     ,   4.69130516    
   11.1578655     ,   4.40849590     ,   7.94643784     ,   4.71673584    
   11.1572456     ,   4.38761616     ,   7.93195963     ,   4.74215174    
   11.1565714     ,   4.36679316     ,   7.91742849     ,   4.76755238    
   11.1558409     ,   4.34602880     ,   7.90284491     ,   4.79293680    
   11.1550550     ,   4.32532406     ,   7.88820887     ,   4.81830502    
   11.1542110     ,   4.30467892     ,   7.87352085     ,   4.84365559    
   11.1533070     ,   4.28409481     ,   7.85877991     ,   4.86898947    
   11.1523438     ,   4.26357269     ,   7.84398746     ,   4.89430571    
   11.1513186     ,   4.24311304     ,   7.82914257     ,   4.91960430    
   11.1502304     ,   4.22271681     ,   7.81424809     ,   4.94488335    
   11.1490774     ,   4.20238590     ,   7.79930115     ,   4.97014380    
   11.1478596     ,   4.18211937     ,   7.78430319     ,   4.99538565    
   11.1465750     ,   4.16191959     ,   7.76925516     ,   5.02060747    
   11.1452227     ,   4.14178658     ,   7.75415659     ,   5.04580927    
   11.1438007     ,   4.12172174     ,   7.73900747     ,   5.07099056    
   11.1423082     ,   4.10172558     ,   7.72380829     ,   5.09615231    
   11.1407442     ,   4.08179951     ,   7.70855999     ,   5.12129164    
   11.1391068     ,   4.06194353     ,   7.69326162     ,   5.14641094    
   11.1373959     ,   4.04215908     ,   7.67791462     ,   5.17150831    
   11.1356087     ,   4.02244711     ,   7.66251850     ,   5.19658422    
   11.1337452     ,   4.00280857     ,   7.64707279     ,   5.22163868    
   11.1318035     ,   3.98324442     ,   7.63157892     ,   5.24667072    
   11.1297817     ,   3.96375465     ,   7.61603689     ,   5.27167988    
   11.1276798     ,   3.94434118     ,   7.60044622     ,   5.29666758    
   11.1254959     ,   3.92500448     ,   7.58480835     ,   5.32163191    
   11.1232281     ,   3.90574527     ,   7.56912327     ,   5.34657383    
   11.1208773     ,   3.88656473     ,   7.55338955     ,   5.37149286    
   11.1184406     ,   3.86746335     ,   7.53760910     ,   5.39638901    
   11.1159163     ,   3.84844255     ,   7.52178192     ,   5.42126179    
   11.1133041     ,   3.82950258     ,   7.50590801     ,   5.44611216    
   11.1106014     ,   3.81064487     ,   7.48998785     ,   5.47093868    
   11.1078091     ,   3.79187012     ,   7.47402096     ,   5.49574280    
   11.1049252     ,   3.77317882     ,   7.45800877     ,   5.52052355    
   11.1019468     ,   3.75457263     ,   7.44195032     ,   5.54528093    
   11.0988750     ,   3.73605204     ,   7.42584705     ,   5.57001495    
   11.0957060     ,   3.71761751     ,   7.40969753     ,   5.59472656    
   11.0924406     ,   3.69927073     ,   7.39350367     ,   5.61941481    
   11.0890779     ,   3.68101168     ,   7.37726450     ,   5.64408112    
   11.0856142     ,   3.66284180     ,   7.36098099     ,   5.66872454    
   11.0820494     ,   3.64476252     ,   7.34465313     ,   5.69334507    
   11.0783825     ,   3.62677312     ,   7.32828045     ,   5.71794415    
   11.0746136     ,   3.60887599     ,   7.31186533     ,   5.74252033    
   11.0707397     ,   3.59107137     ,   7.29540539     ,   5.76707506    
   11.0667591     ,   3.57336044     ,   7.27890253     ,   5.79160786    
   11.0626707     ,   3.55574346     ,   7.26235676     ,   5.81612015    
   11.0584745     ,   3.53822184     ,   7.24576807     ,   5.84061098    
   11.0541697     ,   3.52079654     ,   7.22913599     ,   5.86508131    
   11.0497532     ,   3.50346804     ,   7.21246195     ,   5.88953161    
   11.0452242     ,   3.48623729     ,   7.19574594     ,   5.91396189    
   11.0405807     ,   3.46910548     ,   7.17898703     ,   5.93837309    
   11.0358229     ,   3.45207357     ,   7.16218710     ,   5.96276522    
   11.0309505     ,   3.43514180     ,   7.14534521     ,   5.98713923    
   11.0259600     ,   3.41831160     ,   7.12846231     ,   6.01149464    
   11.0208492     ,   3.40158343     ,   7.11153889     ,   6.03583288    
   11.0156202     ,   3.38495874     ,   7.09457397     ,   6.06015444    
   11.0102711     ,   3.36843801     ,   7.07756805     ,   6.08445978    
   11.0047970     ,   3.35202169     ,   7.06052256     ,   6.10874987    
   10.9992008     ,   3.33571172     ,   7.04343653     ,   6.13302517    
   10.9934797     ,   3.31950831     ,   7.02631092     ,   6.15728521    
   10.9876318     ,   3.30341268     ,   7.00914526     ,   6.18153238    
   10.9816570     ,   3.28742528     ,   6.99194098     ,   6.20576620    
   10.9755535     ,   3.27154684     ,   6.97469711     ,   6.22998905    
   10.9693193     ,   3.25577879     ,   6.95741415     ,   6.25420046    
   10.9629545     ,   3.24012232     ,   6.94009256     ,   6.27840137    
   10.9564571     ,   3.22457743     ,   6.92273235     ,   6.30259275    
   10.9498253     ,   3.20914507     ,   6.90533447     ,   6.32677603    
   10.9430590     ,   3.19382668     ,   6.88789749     ,   6.35095215    
   10.9361563     ,   3.17862272     ,   6.87042379     ,   6.37512112    
   10.9291162     ,   3.16353440     ,   6.85291195     ,   6.39928484    
   10.9219370     ,   3.14856243     ,   6.83536291     ,   6.42344427    
   10.9146175     ,   3.13370752     ,   6.81777716     ,   6.44759989    
   10.9071579     ,   3.11897063     ,   6.80015469     ,   6.47175312    
   10.8995562     ,   3.10435176     ,   6.78249598     ,   6.49590540    
   10.8918152     ,   3.08985066     ,   6.76480198     ,   6.52005672    
   10.8839359     ,   3.07546735     ,   6.74707317     ,   6.54420757    
   10.8759155     ,   3.06120110     ,   6.72931051     ,   6.56836081    
   10.8677597     ,   3.04705238     ,   6.71151495     ,   6.59251404    
   10.8594646     ,   3.03302073     ,   6.69368744     ,   6.61667013    
   10.8510342     ,   3.01910591     ,   6.67582798     ,   6.64082956    
   10.8424683     ,   3.00530791     ,   6.65793705     ,   6.66499233    
   10.8337679     ,   2.99162650     ,   6.64001703     ,   6.68915844    
   10.8249311     ,   2.97806168     ,   6.62206745     ,   6.71333075    
   10.8159618     ,   2.96461296     ,   6.60408878     ,   6.73750830    
   10.8068600     ,   2.95128012     ,   6.58608246     ,   6.76169109    
   10.7976265     ,   2.93806338     ,   6.56804895     ,   6.78588104    
   10.7882605     ,   2.92496252     ,   6.54998922     ,   6.81007862    
   10.7787647     ,   2.91197705     ,   6.53190470     ,   6.83428288    
   10.7691374     ,   2.89910698     ,   6.51379395     ,   6.85849667    
   10.7593813     ,   2.88635206     ,   6.49565983     ,   6.88271952    
   10.7494965     ,   2.87371206     ,   6.47750235     ,   6.90695095    
   10.7394848     ,   2.86118746     ,   6.45932245     ,   6.93119192    
   10.7293444     ,   2.84877729     ,   6.44112015     ,   6.95544434    
   10.7190781     ,   2.83648157     ,   6.42289734     ,   6.97970676    
   10.7086859     ,   2.82430029     ,   6.40465403     ,   7.00398016    
   10.6981688     ,   2.81223297     ,   6.38639164     ,   7.02826452    
   10.6875277     ,   2.80028009     ,   6.36810923     ,   7.05256176    
   10.6767626     ,   2.78844070     ,   6.34980917     ,   7.07687140    
   10.6658735     ,   2.77671504     ,   6.33149242     ,   7.10119343    
   10.6548634     ,   2.76510310     ,   6.31315851     ,   7.12552881    
   10.6437321     ,   2.75360441     ,   6.29480886     ,   7.14987659    
   10.6324787     ,   2.74221873     ,   6.27644444     ,   7.17423916    
   10.6211052     ,   2.73094630     ,   6.25806522     ,   7.19861603    
   10.6096134     ,   2.71978641     ,   6.23967266     ,   7.22300625    
   10.5980015     ,   2.70873952     ,   6.22126770     ,   7.24741125    
   10.5862732     ,   2.69780493     ,   6.20284939     ,   7.27183151    
   10.5744267     ,   2.68698263     ,   6.18442059     ,   7.29626703    
   10.5624638     ,   2.67627263     ,   6.16598129     ,   7.32071781    
   10.5503845     ,   2.66567421     ,   6.14753199     ,   7.34518433    
   10.5381908     ,   2.65518785     ,   6.12907410     ,   7.36966610    
   10.5258818     ,   2.64481306     ,   6.11060715     ,   7.39416409    
   10.5134602     ,   2.63454986     ,   6.09213257     ,   7.41867828    
   10.5009251     ,   2.62439775     ,   6.07365179     ,   7.44320822    
   10.4882765     ,   2.61435699     ,   6.05516434     ,   7.46775579    
   10.4755173     ,   2.60442686     ,   6.03667212     ,   7.49231958    
   10.4626484     ,   2.59460783     ,   6.01817465     ,   7.51690006    
   10.4496670     ,   2.58489919     ,   5.99967337     ,   7.54149771    
   10.4365778     ,   2.57530093     ,   5.98116970     ,   7.56611156    
   10.4233799     ,   2.56581306     ,   5.96266317     ,   7.59074306    
   10.4100723     ,   2.55643511     ,   5.94415522     ,   7.61539221    
   10.3966579     ,   2.54716730     ,   5.92564631     ,   7.64005804    
   10.3831387     ,   2.53800917     ,   5.90713739     ,   7.66474056    
   10.3695116     ,   2.52896070     ,   5.88862896     ,   7.68944168    
   10.3557796     ,   2.52002144     ,   5.87012243     ,   7.71415949    
   10.3419437     ,   2.51119161     ,   5.85161829     ,   7.73889399    
   10.3280048     ,   2.50247049     ,   5.83311605     ,   7.76364660    
   10.3139610     ,   2.49385858     ,   5.81461811     ,   7.78841686    
   10.2998152     ,   2.48535538     ,   5.79612446     ,   7.81320429    
   10.2855682     ,   2.47696066     ,   5.77763605     ,   7.83800888    
   10.2712202     ,   2.46867418     ,   5.75915289     ,   7.86283112    
   10.2567720     ,   2.46049595     ,   5.74067783     ,   7.88767004    
   10.2422237     ,   2.45242572     ,   5.72220898     ,   7.91252661    
   10.2275772     ,   2.44446349     ,   5.70374823     ,   7.93740082    
   10.2128325     ,   2.43660879     ,   5.68529749     ,   7.96229076    
   10.1979904     ,   2.42886186     ,   5.66685581     ,   7.98719883    
   10.1830521     ,   2.42122221     ,   5.64842367     ,   8.01212406    
   10.1680164     ,   2.41368937     ,   5.63000393     ,   8.03706551    
   10.1528873     ,   2.40626383     ,   5.61159611     ,   8.06202316    
   10.1376619     ,   2.39894533     ,   5.59319973     ,   8.08699894    
   10.1223431     ,   2.39173317     ,   5.57481766     ,   8.11198997    
   10.1069317     ,   2.38462758     ,   5.55644989     ,   8.13699818    
   10.0914278     ,   2.37762833     ,   5.53809643     ,   8.16202259    
   10.0758314     ,   2.37073541     ,   5.51975918     ,   8.18706226    
   10.0601444     ,   2.36394835     ,   5.50143814     ,   8.21211815    
   10.0443678     ,   2.35726690     ,   5.48313427     ,   8.23719025    
   10.0285006     ,   2.35069132     ,   5.46484852     ,   8.26227760    
   10.0125446     ,   2.34422088     ,   5.44658136     ,   8.28738022    
   9.99650097     ,   2.33785605     ,   5.42833328     ,   8.31249809    
   9.98036957     ,   2.33159637     ,   5.41010571     ,   8.33763027    
   9.96415138     ,   2.32544136     ,   5.39189911     ,   8.36277771    
   9.94784737     ,   2.31939149     ,   5.37371349     ,   8.38793945    
   9.93145847     ,   2.31344581     ,   5.35555124     ,   8.41311550    
   9.91498375     ,   2.30760503     ,   5.33741140     ,   8.43830681    
   9.89842701     ,   2.30186820     ,   5.31929588     ,   8.46351051    
   9.88178539     ,   2.29623556     ,   5.30120516     ,   8.48872757    
   9.86506176     ,   2.29070687     ,   5.28313923     ,   8.51395893    
   9.84825611     ,   2.28528166     ,   5.26510000     ,   8.53920364    
   9.83136940     ,   2.27996039     ,   5.24708796     ,   8.56446075    
   9.81440258     ,   2.27474236     ,   5.22910309     ,   8.58973026    
   9.79735565     ,   2.26962781     ,   5.21114635     ,   8.61501217    
   9.78023052     ,   2.26461601     ,   5.19321918     ,   8.64030647    
   9.76302624     ,   2.25970721     ,   5.17532206     ,   8.66561222    
   9.74574566     ,   2.25490117     ,   5.15745544     ,   8.69092846    
   9.72838783     ,   2.25019765     ,   5.13962030     ,   8.71625710    
   9.71095276     ,   2.24559641     ,   5.12181711     ,   8.74159718    
   9.69344330     ,   2.24109769     ,   5.10404682     ,   8.76694679    
   9.67585945     ,   2.23670077     ,   5.08631039     ,   8.79230690    
   9.65820122     ,   2.23240590     ,   5.06860828     ,   8.81767654    
   9.64046955     ,   2.22821259     ,   5.05094194     ,   8.84305573    
   9.62266541     ,   2.22412062     ,   5.03331089     ,   8.86844444    
   9.60478973     ,   2.22013044     ,   5.01571655     ,   8.89384174    
   9.58684254     ,   2.21624112     ,   4.99815989     ,   8.91924763    
   9.56882477     ,   2.21245289     ,   4.98064137     ,   8.94466209    
   9.55073738     ,   2.20876551     ,   4.96316099     ,   8.97008324    
   9.53258133     ,   2.20517874     ,   4.94572115     ,   8.99551296    
   9.51435661     ,   2.20169258     ,   4.92832136     ,   9.02094936    
   9.49606514     ,   2.19830680     ,   4.91096258     ,   9.04639339    
   9.47770500     ,   2.19502115     ,   4.89364624     ,   9.07184410    
   9.45928001     ,   2.19183540     ,   4.87637234     ,   9.09729958    
   9.44079018     ,   2.18874955     ,   4.85914183     ,   9.12276268    
   9.42223549     ,   2.18576312     ,   4.84195566     ,   9.14822960    
   9.40361595     ,   2.18287635     ,   4.82481384     ,   9.17370224    
   9.38493252     ,   2.18008900     ,   4.80771828     ,   9.19917870    
   9.36618805     ,   2.17740059     ,   4.79066896     ,   9.22465992    
   9.34737968     ,   2.17481112     ,   4.77366686     ,   9.25014591    
   9.32851219     ,   2.17232060     ,   4.75671244     ,   9.27563381    
   9.30958366     ,   2.16992879     ,   4.73980665     ,   9.30112648    
   9.29059410     ,   2.16763520     ,   4.72295094     ,   9.32662010    
   9.27154732     ,   2.16543984     ,   4.70614481     ,   9.35211754    
   9.25244045     ,   2.16334295     ,   4.68938923     ,   9.37761593    
   9.23327732     ,   2.16134357     ,   4.67268610     ,   9.40311623    
   9.21405602     ,   2.15944219     ,   4.65603495     ,   9.42861748    
   9.19478035     ,   2.15763807     ,   4.63943720     ,   9.45411873    
   9.17544746     ,   2.15593195     ,   4.62289333     ,   9.47962093    
   9.15606022     ,   2.15432262     ,   4.60640430     ,   9.50512314    
   9.13661861     ,   2.15281057     ,   4.58997011     ,   9.53062439    
   9.11712456     ,   2.15139532     ,   4.57359219     ,   9.55612469    
   9.09757710     ,   2.15007687     ,   4.55727148     ,   9.58162403    
   9.07797813     ,   2.14885473     ,   4.54100895     ,   9.60712051    
   9.05832672     ,   2.14772940     ,   4.52480412     ,   9.63261604    
   9.03862572     ,   2.14670014     ,   4.50865841     ,   9.65810871    
   9.01887512     ,   2.14576674     ,   4.49257278     ,   9.68359852    
   8.99907494     ,   2.14492941     ,   4.47654819     ,   9.70908451    
   8.97922707     ,   2.14418793     ,   4.46058416     ,   9.73456669    
   8.95933056     ,   2.14354181     ,   4.44468307     ,   9.76004410    
   8.93938732     ,   2.14299107     ,   4.42884445     ,   9.78551769    
   8.91939735     ,   2.14253545     ,   4.41306973     ,   9.81098652    
   8.89936256     ,   2.14217496     ,   4.39735937     ,   9.83644867    
   8.87928295     ,   2.14190912     ,   4.38171482     ,   9.86190510    
   8.85915947     ,   2.14173841     ,   4.36613560     ,   9.88735485    
   8.83899117     ,   2.14166188     ,   4.35062265     ,   9.91279888    
   8.81878090     ,   2.14167976     ,   4.33517742     ,   9.93823528    
   8.79852867     ,   2.14179182     ,   4.31980038     ,   9.96366405    
   8.77823544     ,   2.14199781     ,   4.30449200     ,   9.98908424    
   8.75790119     ,   2.14229751     ,   4.28925419     ,   10.0144978    
   8.73752785     ,   2.14269114     ,   4.27408600     ,   10.0398998    
   8.71711445     ,   2.14317822     ,   4.25898886     ,   10.0652943    
   8.69666290     ,   2.14375854     ,   4.24396420     ,   10.0906773    
   8.67617321     ,   2.14443183     ,   4.22901249     ,   10.1160517    
   8.65564632     ,   2.14519835     ,   4.21413326     ,   10.1414156    
   8.63508415     ,   2.14605761     ,   4.19932842     ,   10.1667681    
   8.61448479     ,   2.14700937     ,   4.18459892     ,   10.1921091    
   8.59385204     ,   2.14805365     ,   4.16994476     ,   10.2174377    
   8.57318401     ,   2.14919043     ,   4.15536737     ,   10.2427549    
   8.55248356     ,   2.15041900     ,   4.14086676     ,   10.2680597    
   8.53174877     ,   2.15173960     ,   4.12644434     ,   10.2933512    
   8.51098347     ,   2.15315199     ,   4.11210012     ,   10.3186283    
   8.49018574     ,   2.15465593     ,   4.09783602     ,   10.3438931    
   8.46935844     ,   2.15625143     ,   4.08365154     ,   10.3691425    
   8.44849968     ,   2.15793848     ,   4.06954813     ,   10.3943768    
   8.42761230     ,   2.15971613     ,   4.05552673     ,   10.4195976    
   8.40669727     ,   2.16158485     ,   4.04158688     ,   10.4448023    
   8.38575363     ,   2.16354418     ,   4.02773142     ,   10.4699907    
   8.36478233     ,   2.16559458     ,   4.01395893     ,   10.4951639    
   8.34378338     ,   2.16773510     ,   4.00027180     ,   10.5203199    
   8.32275867     ,   2.16996622     ,   3.98667026     ,   10.5454607    
   8.30170631     ,   2.17228794     ,   3.97315526     ,   10.5705853    
   8.28062630     ,   2.17469978     ,   3.95972753     ,   10.5956945    
   8.25952148     ,   2.17720199     ,   3.94638777     ,   10.6207867    
   8.23838997     ,   2.17979431     ,   3.93313742     ,   10.6458645    
   8.21723175     ,   2.18247676     ,   3.91997671     ,   10.6709251    
   8.19604874     ,   2.18524909     ,   3.90690684     ,   10.6959696    
   8.17484093     ,   2.18811154     ,   3.89392853     ,   10.7209978    
   8.15360641     ,   2.19106364     ,   3.88104248     ,   10.7460108    
   8.13234711     ,   2.19410563     ,   3.86824942     ,   10.7710085    
   8.11106396     ,   2.19723725     ,   3.85555124     ,   10.7959881    
   8.08975506     ,   2.20045829     ,   3.84294748     ,   10.8209543    
   8.06842327     ,   2.20376897     ,   3.83043909     ,   10.8459034    
   8.04706669     ,   2.20716906     ,   3.81802750     ,   10.8708372    
   8.02568626     ,   2.21065855     ,   3.80571365     ,   10.8957548    
   8.00428200     ,   2.21423721     ,   3.79349756     ,   10.9206591    
   7.98285437     ,   2.21790528     ,   3.78138089     ,   10.9455471    
   7.96140432     ,   2.22166204     ,   3.76936412     ,   10.9704189    
   7.93993092     ,   2.22550821     ,   3.75744772     ,   10.9952765    
   7.91843414     ,   2.22944307     ,   3.74563360     ,   11.0201197    
   7.89691639     ,   2.23346663     ,   3.73392153     ,   11.0449467    
   7.87537527     ,   2.23757935     ,   3.72231293     ,   11.0697594    
   7.85381222     ,   2.24178052     ,   3.71080828     ,   11.0945578    
   7.83222818     ,   2.24607038     ,   3.69940877     ,   11.1193419    
   7.81062174     ,   2.25044870     ,   3.68811488     ,   11.1441126    
   7.78899479     ,   2.25491548     ,   3.67692709     ,   11.1688681    
   7.76734638     ,   2.25947046     ,   3.66584778     ,   11.1936102    
   7.74567652     ,   2.26411390     ,   3.65487599     ,   11.2183399    
   7.72398663     ,   2.26884556     ,   3.64401388     ,   11.2430544    
   7.70227671     ,   2.27366519     ,   3.63326192     ,   11.2677555    
   7.68054676     ,   2.27857304     ,   3.62262034     ,   11.2924442    
   7.65879583     ,   2.28356886     ,   3.61209035     ,   11.3171215    
   7.63702631     ,   2.28865218     ,   3.60167313     ,   11.3417845    
   7.61523676     ,   2.29382348     ,   3.59136891     ,   11.3664360    
   7.59342813     ,   2.29908252     ,   3.58117914     ,   11.3910761    
   7.57160044     ,   2.30442905     ,   3.57110453     ,   11.4157038    
   7.54975414     ,   2.30986333     ,   3.56114578     ,   11.4403200    
   7.52789021     ,   2.31538486     ,   3.55130315     ,   11.4649248    
   7.50600672     ,   2.32099390     ,   3.54157877     ,   11.4895191    
   7.48410559     ,   2.32669020     ,   3.53197241     ,   11.5141039    
   7.46218634     ,   2.33247352     ,   3.52248526     ,   11.5386782    
   7.44024944     ,   2.33834410     ,   3.51311803     ,   11.5632429    
   7.41829586     ,   2.34430170     ,   3.50387192     ,   11.5877981    
   7.39632511     ,   2.35034633     ,   3.49474764     ,   11.6123447    
   7.37433767     ,   2.35647774     ,   3.48574567     ,   11.6368809    
   7.35233307     ,   2.36269617     ,   3.47686696     ,   11.6614113    
   7.33031178     ,   2.36900091     ,   3.46811295     ,   11.6859341    
   7.30827475     ,   2.37539244     ,   3.45948339     ,   11.7104473    
   7.28622150     ,   2.38187075     ,   3.45098042     ,   11.7349558    
   7.26415253     ,   2.38843536     ,   3.44260406     ,   11.7594566    
   7.24206829     ,   2.39508653     ,   3.43435526     ,   11.7839518    
   7.21996927     ,   2.40182352     ,   3.42623448     ,   11.8084402    
   7.19785452     ,   2.40864706     ,   3.41824341     ,   11.8329248    
   7.17572498     ,   2.41555667     ,   3.41038203     ,   11.8574047    
   7.15358067     ,   2.42255259     ,   3.40265203     ,   11.8818798    
   7.13142252     ,   2.42963433     ,   3.39505339     ,   11.9063520    
   7.10925007     ,   2.43680167     ,   3.38758779     ,   11.9308214    
   7.08706379     ,   2.44405508     ,   3.38025546     ,   11.9552879    
   7.06486368     ,   2.45139432     ,   3.37305760     ,   11.9797525    
   7.04265070     ,   2.45881891     ,   3.36599469     ,   12.0042152    
   7.02042389     ,   2.46632910     ,   3.35906744     ,   12.0286779    
   6.99818420     ,   2.47392511     ,   3.35227728     ,   12.0531406    
   6.97593212     ,   2.48160601     ,   3.34562540     ,   12.0776024    
   6.95366764     ,   2.48937273     ,   3.33911133     ,   12.1020660    
   6.93139029     ,   2.49722433     ,   3.33273649     ,   12.1265316    
   6.90910101     ,   2.50516129     ,   3.32650232     ,   12.1509991    
   6.88680029     ,   2.51318312     ,   3.32040858     ,   12.1754694    
   6.86448812     ,   2.52129006     ,   3.31445694     ,   12.1999435    
   6.84216452     ,   2.52948189     ,   3.30864787     ,   12.2244215    
   6.81982946     ,   2.53775859     ,   3.30298281     ,   12.2489052    
   6.79748392     ,   2.54611993     ,   3.29746175     ,   12.2733946    
   6.77512836     ,   2.55456591     ,   3.29208612     ,   12.2978897    
   6.75276089     ,   2.56309652     ,   3.28685617     ,   12.3223934    
   6.73038483     ,   2.57171178     ,   3.28177333     ,   12.3469028    
   6.70799732     ,   2.58041120     ,   3.27683783     ,   12.3714237    
   6.68560123     ,   2.58919501     ,   3.27205133     ,   12.3959522    
   6.66319513     ,   2.59806323     ,   3.26741409     ,   12.4204912    
   6.64077997     ,   2.60701537     ,   3.26292682     ,   12.4450417    
   6.61835575     ,   2.61605191     ,   3.25859070     ,   12.4696035    
   6.59592295     ,   2.62517214     ,   3.25440669     ,   12.4941778    
   6.57348156     ,   2.63437605     ,   3.25037313     ,   12.5187664    
   6.55103302     ,   2.64366293     ,   3.24648809     ,   12.5433683    
   6.52857685     ,   2.65303230     ,   3.24274945     ,   12.5679865    
   6.50611401     ,   2.66248369     ,   3.23915362     ,   12.5926199    
   6.48364544     ,   2.67201591     ,   3.23569870     ,   12.6172705    
   6.46117258     ,   2.68162870     ,   3.23238230     ,   12.6419373    
   6.43869305     ,   2.69132161     ,   3.22920108     ,   12.6666231    
   6.41621161     ,   2.70109367     ,   3.22615361     ,   12.6913252    
   6.39372635     ,   2.71094465     ,   3.22323608     ,   12.7160473    
   6.37123775     ,   2.72087359     ,   3.22044706     ,   12.7407875    
   6.34874821     ,   2.73088002     ,   3.21778369     ,   12.7655468    
   6.32625628     ,   2.74096346     ,   3.21524310     ,   12.7903261    
   6.30376339     ,   2.75112271     ,   3.21282315     ,   12.8151245    
   6.28127098     ,   2.76135778     ,   3.21052098     ,   12.8399429    
   6.25877857     ,   2.77166820     ,   3.20833445     ,   12.8647823    
   6.23628759     ,   2.78205252     ,   3.20626020     ,   12.8896427    
   6.21379805     ,   2.79251099     ,   3.20429683     ,   12.9145222    
   6.19131088     ,   2.80304265     ,   3.20244074     ,   12.9394226    
   6.16882658     ,   2.81364679     ,   3.20069051     ,   12.9643431    
   6.14634609     ,   2.82432270     ,   3.19904256     ,   12.9892855    
   6.12386942     ,   2.83507013     ,   3.19749451     ,   13.0142469    
   6.10139751     ,   2.84588790     ,   3.19604421     ,   13.0392284    
   6.07893133     ,   2.85677600     ,   3.19468927     ,   13.0642319    
   6.05647135     ,   2.86773372     ,   3.19342661     ,   13.0892544    
   6.03401756     ,   2.87876010     ,   3.19225383     ,   13.1142979    
   6.01157141     ,   2.88985491     ,   3.19116902     ,   13.1393604    
   5.98913336     ,   2.90101695     ,   3.19016838     ,   13.1644411    
   5.96670341     ,   2.91224623     ,   3.18925023     ,   13.1895418    
   5.94428301     ,   2.92354202     ,   3.18841243     ,   13.2146606    
   5.92187214     ,   2.93490362     ,   3.18765140     ,   13.2397976    
   5.89947224     ,   2.94633007     ,   3.18696523     ,   13.2649536    
   5.87708330     ,   2.95782137     ,   3.18635130     ,   13.2901278    
   5.85470581     ,   2.96937633     ,   3.18580699     ,   13.3153181    
   5.83234072     ,   2.98099470     ,   3.18532991     ,   13.3405256    
   5.80998850     ,   2.99267578     ,   3.18491745     ,   13.3657503    
   5.78765011     ,   3.00441885     ,   3.18456650     ,   13.3909893    
   5.76532555     ,   3.01622343     ,   3.18427539     ,   13.4162445    
   5.74301624     ,   3.02808905     ,   3.18404150     ,   13.4415150    
   5.72072220     ,   3.04001474     ,   3.18386149     ,   13.4667988    
   5.69844437     ,   3.05200028     ,   3.18373370     ,   13.4920959    
   5.67618275     ,   3.06404448     ,   3.18365550     ,   13.5174074    
   5.65393925     ,   3.07614708     ,   3.18362355     ,   13.5427303    
   5.63171291     ,   3.08830762     ,   3.18363619     ,   13.5680666    
   5.60950565     ,   3.10052538     ,   3.18369031     ,   13.5934124    
   5.58731747     ,   3.11279941     ,   3.18378377     ,   13.6187696    
   5.56514931     ,   3.12512970     ,   3.18391347     ,   13.6441374    
   5.54300165     ,   3.13751483     ,   3.18407750     ,   13.6695127    
   5.52087498     ,   3.14995503     ,   3.18427348     ,   13.6948977    
   5.49876976     ,   3.16244936     ,   3.18449783     ,   13.7202892    
   5.47668743     ,   3.17499685     ,   3.18474889     ,   13.7456894    
   5.45462751     ,   3.18759727     ,   3.18502426     ,   13.7710953    
   5.43259144     ,   3.20024991     ,   3.18532038     ,   13.7965069    
   5.41057968     ,   3.21295428     ,   3.18563581     ,   13.8219242    
   5.38859272     ,   3.22570944     ,   3.18596721     ,   13.8473454    
   5.36663151     ,   3.23851514     ,   3.18631291     ,   13.8727694    
   5.34469604     ,   3.25137067     ,   3.18666911     ,   13.8981962    
   5.32278728     ,   3.26427531     ,   3.18703461     ,   13.9236269    
   5.30090618     ,   3.27722812     ,   3.18740582     ,   13.9490566    
   5.27905273     ,   3.29022932     ,   3.18778086     ,   13.9744873    
   5.25722790     ,   3.30327749     ,   3.18815684     ,   13.9999180    
   5.23543262     ,   3.31637263     ,   3.18853140     ,   14.0253477    
   5.21366692     ,   3.32951355     ,   3.18890142     ,   14.0507755    
   5.19193172     ,   3.34270024     ,   3.18926549     ,   14.0762005    
   5.17022800     ,   3.35593152     ,   3.18962026     ,   14.1016216    
   5.14855576     ,   3.36920691     ,   3.18996358     ,   14.1270390    
   5.12691593     ,   3.38252640     ,   3.19029236     ,   14.1524506    
   5.10530901     ,   3.39588857     ,   3.19060516     ,   14.1778584    
   5.08373547     ,   3.40929294     ,   3.19089818     ,   14.2032576    
   5.06219673     ,   3.42273951     ,   3.19116902     ,   14.2286510    
   5.04069233     ,   3.43622661     ,   3.19141626     ,   14.2540359    
   5.01922369     ,   3.44975471     ,   3.19163585     ,   14.2794132    
   4.99779129     ,   3.46332240     ,   3.19182658     ,   14.3047791    
   4.97639561     ,   3.47692943     ,   3.19198489     ,   14.3301363    
   4.95503712     ,   3.49057531     ,   3.19210887     ,   14.3554821    
   4.93371677     ,   3.50425959     ,   3.19219589     ,   14.3808165    
   4.91243505     ,   3.51798058     ,   3.19224358     ,   14.4061384    
   4.89119244     ,   3.53173900     ,   3.19224858     ,   14.4314470    
   4.86999035     ,   3.54553294     ,   3.19220972     ,   14.4567413    
   4.84882832     ,   3.55936313     ,   3.19212270     ,   14.4820223    
   4.82770729     ,   3.57322812     ,   3.19198656     ,   14.5072880    
   4.80662823     ,   3.58712721     ,   3.19179773     ,   14.5325375    
   4.78559113     ,   3.60106039     ,   3.19155431     ,   14.5577717    
   4.76459789     ,   3.61502695     ,   3.19125366     ,   14.5829878    
   4.74364758     ,   3.62902522     ,   3.19089270     ,   14.6081877    
   4.72274160     ,   3.64305615     ,   3.19046926     ,   14.6333694    
   4.70188046     ,   3.65711784     ,   3.18998098     ,   14.6585331    
   4.68106556     ,   3.67121053     ,   3.18942571     ,   14.6836758    
   4.66029596     ,   3.68533325     ,   3.18879962     ,   14.7087994    
   4.63957357     ,   3.69948506     ,   3.18810129     ,   14.7339039    
   4.61889839     ,   3.71366620     ,   3.18732762     ,   14.7589874    
   4.59827137     ,   3.72787523     ,   3.18647623     ,   14.7840500    
   4.57769299     ,   3.74211192     ,   3.18554449     ,   14.8090916    
   4.55716419     ,   3.75637555     ,   3.18453074     ,   14.8341093    
   4.53668451     ,   3.77066541     ,   3.18343091     ,   14.8591061    
   4.51625586     ,   3.78498125     ,   3.18224335     ,   14.8840809    
   4.49587870     ,   3.79932213     ,   3.18096542     ,   14.9090319    
   4.47555256     ,   3.81368756     ,   3.17959452     ,   14.9339600    
   4.45527935     ,   3.82807684     ,   3.17812800     ,   14.9588642    
   4.43505907     ,   3.84248924     ,   3.17656398     ,   14.9837437    
   4.41489220     ,   3.85692453     ,   3.17489862     ,   15.0086002    
   4.39478016     ,   3.87138176     ,   3.17313075     ,   15.0334320    
   4.37472248     ,   3.88586044     ,   3.17125702     ,   15.0582399    
   4.35472059     ,   3.90036011     ,   3.16927528     ,   15.0830231    
   4.33477497     ,   3.91487956     ,   3.16718292     ,   15.1077824    
   4.31488562     ,   3.92941976     ,   3.16497874     ,   15.1325178    
   4.29505157     ,   3.94397998     ,   3.16266704     ,   15.1572313    
   4.27527285     ,   3.95856142     ,   3.16025090     ,   15.1819229    
   4.25554752     ,   3.97316504     ,   3.15773439     ,   15.2065945    
   4.23587561     ,   3.98779154     ,   3.15512085     ,   15.2312469    
   4.21625614     ,   4.00244093     ,   3.15241432     ,   15.2558823    
   4.19668770     ,   4.01711464     ,   3.14961863     ,   15.2805004    
   4.17716980     ,   4.03181314     ,   3.14673686     ,   15.3051043    
   4.15770197     ,   4.04653692     ,   3.14377356     ,   15.3296919    
   4.13828325     ,   4.06128693     ,   3.14073229     ,   15.3542662    
   4.11891270     ,   4.07606411     ,   3.13761640     ,   15.3788280    
   4.09958887     ,   4.09086800     ,   3.13442993     ,   15.4033785    
   4.08031178     ,   4.10570049     ,   3.13117647     ,   15.4279175    
   4.06107998     ,   4.12056208     ,   3.12785959     ,   15.4524479    
   4.04189348     ,   4.13545322     ,   3.12448359     ,   15.4769688    
   4.02275085     ,   4.15037441     ,   3.12105179     ,   15.5014801    
   4.00365114     ,   4.16532660     ,   3.11756778     ,   15.5259857    
   3.98459387     ,   4.18031025     ,   3.11403584     ,   15.5504837    
   3.96557760     ,   4.19532681     ,   3.11045909     ,   15.5749769    
   3.94660258     ,   4.21037579     ,   3.10684133     ,   15.5994644    
   3.92766714     ,   4.22545910     ,   3.10318685     ,   15.6239471    
   3.90877080     ,   4.24057674     ,   3.09949875     ,   15.6484270    
   3.88991213     ,   4.25572920     ,   3.09578133     ,   15.6729031    
   3.87109065     ,   4.27091742     ,   3.09203792     ,   15.6973772    
   3.85230637     ,   4.28614235     ,   3.08827209     ,   15.7218475    
   3.83355713     ,   4.30140448     ,   3.08448839     ,   15.7463179    
   3.81484294     ,   4.31670475     ,   3.08068919     ,   15.7707872    
   3.79616237     ,   4.33204317     ,   3.07687998     ,   15.7952557    
   3.77751541     ,   4.34742069     ,   3.07306290     ,   15.8197250    
   3.75890040     ,   4.36283875     ,   3.06924295     ,   15.8441954    
   3.74031687     ,   4.37829685     ,   3.06542253     ,   15.8686676    
   3.72176409     ,   4.39379692     ,   3.06160665     ,   15.8931427    
   3.70324087     ,   4.40933895     ,   3.05779791     ,   15.9176207    
   3.68474650     ,   4.42492342     ,   3.05400085     ,   15.9421024    
   3.66628075     ,   4.44055128     ,   3.05021906     ,   15.9665880    
   3.64784241     ,   4.45622349     ,   3.04645610     ,   15.9910765    
   3.62942958     ,   4.47194004     ,   3.04271579     ,   16.0155735    
   3.61104345     ,   4.48770237     ,   3.03900194     ,   16.0400734    
   3.59268141     ,   4.50351095     ,   3.03531790     ,   16.0645828    
   3.57434392     ,   4.51936626     ,   3.03166819     ,   16.0890980    
   3.55602884     ,   4.53526974     ,   3.02805567     ,   16.1136208    
   3.53773642     ,   4.55122089     ,   3.02448463     ,   16.1381531    
   3.51946568     ,   4.56722116     ,   3.02095866     ,   16.1626930    
   3.50121546     ,   4.58327055     ,   3.01748133     ,   16.1872444    
   3.48298502     ,   4.59937096     ,   3.01405644     ,   16.2118073    
   3.46477365     ,   4.61552191     ,   3.01068807     ,   16.2363796    
   3.44657969     ,   4.63172483     ,   3.00737906     ,   16.2609673    
   3.42840385     ,   4.64798021     ,   3.00413442     ,   16.2855644    
   3.41024446     ,   4.66428852     ,   3.00095701     ,   16.3101788    
   3.39210057     ,   4.68065119     ,   2.99785089     ,   16.3348083    
   3.37397075     ,   4.69706774     ,   2.99481916     ,   16.3594532    
   3.35585594     ,   4.71353960     ,   2.99186635     ,   16.3841133    
   3.33775401     ,   4.73006725     ,   2.98899603     ,   16.4087944    
   3.31966400     ,   4.74665165     ,   2.98621130     ,   16.4334927    
   3.30158567     ,   4.76329279     ,   2.98351717     ,   16.4582119    
   3.28351831     ,   4.77999210     ,   2.98091578     ,   16.4829521    
   3.26546025     ,   4.79675007     ,   2.97841263     ,   16.5077152    
   3.24741125     ,   4.81356764     ,   2.97600985     ,   16.5325012    
   3.22937059     ,   4.83044529     ,   2.97371173     ,   16.5573120    
   3.21133733     ,   4.84738350     ,   2.97152257     ,   16.5821495    
   3.19331026     ,   4.86438274     ,   2.96944499     ,   16.6070137    
   3.17529130     ,   4.88144398     ,   2.96747851     ,   16.6319065    
   3.15728140     ,   4.89856720     ,   2.96561956     ,   16.6568260    
   3.13928366     ,   4.91575146     ,   2.96386576     ,   16.6817741    
   3.12129974     ,   4.93299866     ,   2.96221232     ,   16.7067451    
   3.10333157     ,   4.95030737     ,   2.96065664     ,   16.7317429    
   3.08538103     ,   4.96767855     ,   2.95919561     ,   16.7567635    
   3.06745100     ,   4.98511219     ,   2.95782471     ,   16.7818108    
   3.04954290     ,   5.00260735     ,   2.95654154     ,   16.8068790    
   3.03165889     ,   5.02016544     ,   2.95534182     ,   16.8319702    
   3.01380110     ,   5.03778601     ,   2.95422292     ,   16.8570824    
   2.99597192     ,   5.05546904     ,   2.95318079     ,   16.8822155    
   2.97817278     ,   5.07321501     ,   2.95221257     ,   16.9073677    
   2.96040630     ,   5.09102345     ,   2.95131445     ,   16.9325390    
   2.94267440     ,   5.10889530     ,   2.95048285     ,   16.9577293    
   2.92497897     ,   5.12683010     ,   2.94971514     ,   16.9829350    
   2.90732241     ,   5.14482737     ,   2.94900703     ,   17.0081577    
   2.88970661     ,   5.16288853     ,   2.94835591     ,   17.0333958    
   2.87213373     ,   5.18101215     ,   2.94775724     ,   17.0586472    
   2.85460591     ,   5.19919968     ,   2.94720912     ,   17.0839119    
   2.83712482     ,   5.21745062     ,   2.94670630     ,   17.1091900    
   2.81969285     ,   5.23576450     ,   2.94624710     ,   17.1344795    
   2.80231214     ,   5.25414276     ,   2.94582748     ,   17.1597786    
   2.78498459     ,   5.27258444     ,   2.94544363     ,   17.1850853    
   2.76771235     ,   5.29109001     ,   2.94509244     ,   17.2104015    
   2.75049758     ,   5.30965948     ,   2.94477034     ,   17.2357254    
   2.73334241     ,   5.32829285     ,   2.94447398     ,   17.2610550    
   2.71624875     ,   5.34699011     ,   2.94420004     ,   17.2863903    
   2.69921851     ,   5.36575222     ,   2.94394565     ,   17.3117313    
   2.68225408     ,   5.38457775     ,   2.94370651     ,   17.3370743    
   2.66535735     ,   5.40346813     ,   2.94347906     ,   17.3624191    
   2.64853072     ,   5.42242336     ,   2.94326091     ,   17.3877659    
   2.63177586     ,   5.44144249     ,   2.94304729     ,   17.4131126    
   2.61509490     ,   5.46052647     ,   2.94283628     ,   17.4384613    
   2.59849024     ,   5.47967482     ,   2.94262362     ,   17.4638081    
   2.58196378     ,   5.49888849     ,   2.94240570     ,   17.4891529    
   2.56551695     ,   5.51816702     ,   2.94217992     ,   17.5144939    
   2.54915309     ,   5.53751040     ,   2.94194174     ,   17.5398312    
   2.53287363     ,   5.55691910     ,   2.94168854     ,   17.5651665    
   2.51668024     ,   5.57639217     ,   2.94141698     ,   17.5904942    
   2.50057554     ,   5.59593153     ,   2.94112325     ,   17.6158161    
   2.48456144     ,   5.61553621     ,   2.94080400     ,   17.6411324    
   2.46864009     ,   5.63520575     ,   2.94045568     ,   17.6664391    
   2.45281363     ,   5.65494108     ,   2.94007540     ,   17.6917400    
   2.43708372     ,   5.67474222     ,   2.93965912     ,   17.7170315    
   2.42145300     ,   5.69460917     ,   2.93920374     ,   17.7423134    
   2.40592337     ,   5.71454144     ,   2.93870616     ,   17.7675877    
   2.39049673     ,   5.73453999     ,   2.93816233     ,   17.7928505    
   2.37517500     ,   5.75460482     ,   2.93756914     ,   17.8181038    
   2.35996056     ,   5.77473545     ,   2.93692327     ,   17.8433437    
   2.34485555     ,   5.79493237     ,   2.93622088     ,   17.8685741    
   2.32986188     ,   5.81519556     ,   2.93545914     ,   17.8937931    
   2.31498194     ,   5.83552504     ,   2.93463445     ,   17.9190006    
   2.30021715     ,   5.85592127     ,   2.93374324     ,   17.9441948    
   2.28557014     ,   5.87638378     ,   2.93278193     ,   17.9693794    
   2.27104259     ,   5.89691305     ,   2.93174744     ,   17.9945488    
   2.25663710     ,   5.91750956     ,   2.93063593     ,   18.0197086    
   2.24235535     ,   5.93817234     ,   2.92944479     ,   18.0448551    
   2.22819972     ,   5.95890188     ,   2.92816997     ,   18.0699883    
   2.21417165     ,   5.97969913     ,   2.92680812     ,   18.0951118    
   2.20027399     ,   6.00056267     ,   2.92535543     ,   18.1202240    
   2.18650818     ,   6.02149391     ,   2.92380977     ,   18.1453228    
   2.17287683     ,   6.04249287     ,   2.92216635     ,   18.1704121    
   2.15938187     ,   6.06355810     ,   2.92042232     ,   18.1954899    
   2.14602518     ,   6.08469152     ,   2.91857457     ,   18.2205582    
   2.13280869     ,   6.10589314     ,   2.91661906     ,   18.2456169    
   2.11973500     ,   6.12716150     ,   2.91455269     ,   18.2706680    
   2.10680580     ,   6.14849758     ,   2.91237187     ,   18.2957115    
   2.09402323     ,   6.16990185     ,   2.91007376     ,   18.3207474    
   2.08138967     ,   6.19137430     ,   2.90765381     ,   18.3457775    
   2.06890678     ,   6.21291447     ,   2.90511012     ,   18.3708038    
   2.05657649     ,   6.23452282     ,   2.90243793     ,   18.3958244    
   2.04440188     ,   6.25619984     ,   2.89963460     ,   18.4208450    
   2.03238368     ,   6.27794504     ,   2.89669609     ,   18.4458637    
   2.02052498     ,   6.29975796     ,   2.89361954     ,   18.4708824    
   2.00882530     ,   6.32163858     ,   2.89040303     ,   18.4959011    
   1.99728358     ,   6.34358215     ,   2.88704562     ,   18.5209217    
   1.98589826     ,   6.36558723     ,   2.88354683     ,   18.5459423    
   1.97466731     ,   6.38764954     ,   2.87990642     ,   18.5709648    
   1.96358991     ,   6.40976715     ,   2.87612391     ,   18.5959892    
   1.95266342     ,   6.43193579     ,   2.87219763     ,   18.6210136    
   1.94188762     ,   6.45415354     ,   2.86812854     ,   18.6460400    
   1.93125987     ,   6.47641611     ,   2.86391521     ,   18.6710663    
   1.92077899     ,   6.49872112     ,   2.85955739     ,   18.6960945    
   1.91044307     ,   6.52106619     ,   2.85505438     ,   18.7211208    
   1.90025139     ,   6.54344797     ,   2.85040593     ,   18.7461510    
   1.89020157     ,   6.56586218     ,   2.84561110     ,   18.7711773    
   1.88029253     ,   6.58830643     ,   2.84066963     ,   18.7962055    
   1.87052226     ,   6.61077785     ,   2.83558035     ,   18.8212318    
   1.86088979     ,   6.63327408     ,   2.83034396     ,   18.8462563    
   1.85139275     ,   6.65579081     ,   2.82495928     ,   18.8712807    
   1.84203029     ,   6.67832565     ,   2.81942511     ,   18.8963032    
   1.83280027     ,   6.70087528     ,   2.81374168     ,   18.9213219    
   1.82370186     ,   6.72343588     ,   2.80790830     ,   18.9463387    
   1.81473279     ,   6.74600697     ,   2.80192447     ,   18.9713535    
   1.80589175     ,   6.76858234     ,   2.79578924     ,   18.9963627    
   1.79717708     ,   6.79116058     ,   2.78950262     ,   19.0213661    
   1.78858757     ,   6.81373882     ,   2.78306389     ,   19.0463676    
   1.78012121     ,   6.83631372     ,   2.77647257     ,   19.0713615    
   1.77177656     ,   6.85888147     ,   2.76972771     ,   19.0963516    
   1.76355207     ,   6.88144016     ,   2.76282930     ,   19.1213341    
   1.75544667     ,   6.90398550     ,   2.75577617     ,   19.1463089    
   1.74745786     ,   6.92651510     ,   2.74856830     ,   19.1712761    
   1.73958433     ,   6.94902658     ,   2.74120522     ,   19.1962337    
   1.73182523     ,   6.97151661     ,   2.73368597     ,   19.2211857    
   1.72417831     ,   6.99398041     ,   2.72601008     ,   19.2461262    
   1.71664202     ,   7.01641703     ,   2.71817732     ,   19.2710571    
   1.70921516     ,   7.03882313     ,   2.71018672     ,   19.2959785    
   1.70189595     ,   7.06119394     ,   2.70203829     ,   19.3208866    
   1.69468236     ,   7.08352804     ,   2.69373083     ,   19.3457832    
   1.68757367     ,   7.10582209     ,   2.68526459     ,   19.3706684    
   1.68056798     ,   7.12807226     ,   2.67663813     ,   19.3955402    
   1.67366338     ,   7.15027714     ,   2.66785169     ,   19.4203987    
   1.66685903     ,   7.17243195     ,   2.65890431     ,   19.4452400    
   1.66015244     ,   7.19453430     ,   2.64979506     ,   19.4700699    
   1.65354276     ,   7.21658087     ,   2.64052439     ,   19.4948845    
   1.64702797     ,   7.23856974     ,   2.63109088     ,   19.5196819    
   1.64060712     ,   7.26049662     ,   2.62149477     ,   19.5444641    
   1.63427770     ,   7.28235769     ,   2.61173439     ,   19.5692272    
   1.62803912     ,   7.30415201     ,   2.60181046     ,   19.5939751    
   1.62188911     ,   7.32587576     ,   2.59172130     ,   19.6187038    
   1.61582637     ,   7.34752512     ,   2.58146739     ,   19.6434135    
   1.60984957     ,   7.36909771     ,   2.57104754     ,   19.6681061    
   1.60395658     ,   7.39058971     ,   2.56046152     ,   19.6927776    
   1.59814644     ,   7.41199970     ,   2.54970860     ,   19.7174301    
   1.59241712     ,   7.43332195     ,   2.53878832     ,   19.7420616    
   1.58676720     ,   7.45455647     ,   2.52769971     ,   19.7666740    
   1.58119547     ,   7.47569799     ,   2.51644278     ,   19.7912655    
   1.57569957     ,   7.49674463     ,   2.50501704     ,   19.8158360    
   1.57027853     ,   7.51769257     ,   2.49342203     ,   19.8403835    
   1.56493068     ,   7.53853893     ,   2.48165631     ,   19.8649101    
   1.55965424     ,   7.55928135     ,   2.46972013     ,   19.8894157    
   1.55444789     ,   7.57991552     ,   2.45761251     ,   19.9139004    
   1.54930997     ,   7.60043955     ,   2.44533348     ,   19.9383640    
   1.54423904     ,   7.62084961     ,   2.43288183     ,   19.9628029    
   1.53923345     ,   7.64114285     ,   2.42025805     ,   19.9872227    
   1.53429151     ,   7.66131687     ,   2.40746045     ,   20.0116177    
   1.52941167     ,   7.68136740     ,   2.39448857     ,   20.0359917    
   1.52459264     ,   7.70129251     ,   2.38134265     ,   20.0603447    
   1.51983225     ,   7.72108746     ,   2.36802173     ,   20.0846748    
   1.51512980     ,   7.74075174     ,   2.35452509     ,   20.1089840    
   1.51048279     ,   7.76027966     ,   2.34085226     ,   20.1332722    
   1.50589025     ,   7.77967072     ,   2.32700300     ,   20.1575394    
   1.50135076     ,   7.79891968     ,   2.31297636     ,   20.1817856    
   1.49686205     ,   7.81802368     ,   2.29877234     ,   20.2060108    
   1.49242330     ,   7.83698130     ,   2.28438997     ,   20.2302170    
   1.48803258     ,   7.85578823     ,   2.26982880     ,   20.2544041    
   1.48368800     ,   7.87444162     ,   2.25508809     ,   20.2785721    
   1.47938883     ,   7.89293909     ,   2.24016714     ,   20.3027229    
   1.47513270     ,   7.91127634     ,   2.22506642     ,   20.3268566    
   1.47091830     ,   7.92945099     ,   2.20978427     ,   20.3509731    
   1.46674418     ,   7.94745922     ,   2.19432068     ,   20.3750744    
   1.46260870     ,   7.96530008     ,   2.17867517     ,   20.3991623    
   1.45851016     ,   7.98296833     ,   2.16284680     ,   20.4232349    
   1.45444751     ,   8.00046062     ,   2.14683533     ,   20.4472942    
   1.45041883     ,   8.01777649     ,   2.13064051     ,   20.4713440    
   1.44642222     ,   8.03491020     ,   2.11426091     ,   20.4953823    
   1.44245648     ,   8.05186081     ,   2.09769702     ,   20.5194130    
   1.43852007     ,   8.06862354     ,   2.08094740     ,   20.5434341    
   1.43461108     ,   8.08519554     ,   2.06401205     ,   20.5674496    
   1.43072855     ,   8.10157585     ,   2.04689026     ,   20.5914612    
   1.42687035     ,   8.11775875     ,   2.02958155     ,   20.6154690    
   1.42303503     ,   8.13374233     ,   2.01208496     ,   20.6394768    
   1.41922116     ,   8.14952374     ,   1.99440074     ,   20.6634827    
   1.41542697     ,   8.16509819     ,   1.97652781     ,   20.6874905    
   1.41165161     ,   8.18046570     ,   1.95846558     ,   20.7115040    
   1.40789258     ,   8.19562149     ,   1.94021380     ,   20.7355232    
   1.40414846     ,   8.21056175     ,   1.92177200     ,   20.7595520    
   1.40041804     ,   8.22528553     ,   1.90313911     ,   20.7835903    
   1.39669991     ,   8.23978710     ,   1.88431478     ,   20.8076439    
   1.39299202     ,   8.25406456     ,   1.86529887     ,   20.8317089    
   1.38929296     ,   8.26811600     ,   1.84609067     ,   20.8557930    
   1.38560104     ,   8.28193665     ,   1.82668912     ,   20.8799000    
   1.38191485     ,   8.29552460     ,   1.80709457     ,   20.9040279    
   1.37823296     ,   8.30887699     ,   1.78730547     ,   20.9281826    
   1.37455368     ,   8.32198906     ,   1.76732218     ,   20.9523659    
   1.37087512     ,   8.33485985     ,   1.74714351     ,   20.9765797    
   1.36719632     ,   8.34748363     ,   1.72676921     ,   21.0008278    
   1.36351514     ,   8.35986137     ,   1.70619893     ,   21.0251160    
   1.35983050     ,   8.37198639     ,   1.68543172     ,   21.0494442    
   1.35614049     ,   8.38385582     ,   1.66446686     ,   21.0738182    
   1.35244370     ,   8.39546967     ,   1.64330447     ,   21.0982399    
   1.34873843     ,   8.40682220     ,   1.62194407     ,   21.1227112    
   1.34502411     ,   8.41791344     ,   1.60038793     ,   21.1472359    
   1.34130025     ,   8.42874622     ,   1.57864034     ,   21.1718178    
   1.33756673     ,   8.43931866     ,   1.55670667     ,   21.1964512    
   1.33382261     ,   8.44963551     ,   1.53459132     ,   21.2211399    
   1.33006787     ,   8.45969582     ,   1.51229823     ,   21.2458839    
   1.32630229     ,   8.46950245     ,   1.48983264     ,   21.2706852    
   1.32252538     ,   8.47905540     ,   1.46719897     ,   21.2955418    
   1.31873703     ,   8.48835754     ,   1.44440198     ,   21.3204536    
   1.31493688     ,   8.49740791     ,   1.42144620     ,   21.3454189    
   1.31112409     ,   8.50620842     ,   1.39833605     ,   21.3704414    
   1.30729866     ,   8.51476288     ,   1.37507629     ,   21.3955173    
   1.30345988     ,   8.52306938     ,   1.35167158     ,   21.4206467    
   1.29960823     ,   8.53113174     ,   1.32812655     ,   21.4458294    
   1.29574275     ,   8.53894997     ,   1.30444562     ,   21.4710655    
   1.29186320     ,   8.54652405     ,   1.28063393     ,   21.4963531    
   1.28796923     ,   8.55385780     ,   1.25669515     ,   21.5216904    
   1.28406072     ,   8.56095123     ,   1.23263478     ,   21.5470772    
   1.28013647     ,   8.56780624     ,   1.20845675     ,   21.5725136    
   1.27619743     ,   8.57442284     ,   1.18416631     ,   21.5979958    
   1.27224231     ,   8.58080482     ,   1.15976751     ,   21.6235237    
   1.26827121     ,   8.58695030     ,   1.13526535     ,   21.6490955    
   1.26428378     ,   8.59286308     ,   1.11066437     ,   21.6747093    
   1.26027906     ,   8.59854412     ,   1.08596873     ,   21.7003632    
   1.25625730     ,   8.60399342     ,   1.06118393     ,   21.7260551    
   1.25221825     ,   8.60921288     ,   1.03631365     ,   21.7517872    
   1.24816096     ,   8.61420441     ,   1.01136279     ,   21.7775536    
   1.24408567     ,   8.61896896     ,  0.986336529     ,   21.8033524    
   1.23999214     ,   8.62350750     ,  0.961238861     ,   21.8291836    
   1.23587918     ,   8.62782097     ,  0.936074436     ,   21.8550453    
   1.23174703     ,   8.63191319     ,  0.910848260     ,   21.8809319    
   1.22759557     ,   8.63578224     ,  0.885564446     ,   21.9068451    
   1.22342420     ,   8.63943100     ,  0.860227585     ,   21.9327812    
   1.21923220     ,   8.64286041     ,  0.834842682     ,   21.9587364    
   1.21501958     ,   8.64607239     ,  0.809414268     ,   21.9847126    
   1.21078610     ,   8.64906788     ,  0.783946991     ,   22.0107021    
   1.20653117     ,   8.65184689     ,  0.758445382     ,   22.0367050    
   1.20225453     ,   8.65441322     ,  0.732913971     ,   22.0627174    
   1.19795609     ,   8.65676594     ,  0.707357049     ,   22.0887413    
   1.19363475     ,   8.65890789     ,  0.681779861     ,   22.1147690    
   1.18929136     ,   8.66084003     ,  0.656186700     ,   22.1408005    
   1.18492436     ,   8.66256237     ,  0.630582452     ,   22.1668320    
   1.18053436     ,   8.66407776     ,  0.604970932     ,   22.1928596    
   1.17612040     ,   8.66538715     ,  0.579357922     ,   22.2188835    
   1.17168236     ,   8.66649151     ,  0.553747177     ,   22.2448997    
   1.16721952     ,   8.66739178     ,  0.528143287     ,   22.2709064    
   1.16273236     ,   8.66809082     ,  0.502551675     ,   22.2968979    
   1.15821958     ,   8.66858864     ,  0.476975620     ,   22.3228741    
   1.15368152     ,   8.66888714     ,  0.451421350     ,   22.3488293    
   1.14911771     ,   8.66898632     ,  0.425892264     ,   22.3747635    
   1.14452779     ,   8.66888905     ,  0.400393307     ,   22.4006729    
   1.13991129     ,   8.66859627     ,  0.374929041     ,   22.4265537    
   1.13526762     ,   8.66810894     ,  0.349504083     ,   22.4524040    
   1.13059688     ,   8.66742897     ,  0.324123383     ,   22.4782200    
   1.12589836     ,   8.66655540     ,  0.298791111     ,   22.5039997    
   1.12117231     ,   8.66549301     ,  0.273511887     ,   22.5297375    
   1.11641765     ,   8.66424084     ,  0.248290628     ,   22.5554333    
   1.11163449     ,   8.66280174     ,  0.223131940     ,   22.5810833    
   1.10682225     ,   8.66117477     ,  0.198040396     ,   22.6066856    
   1.10198057     ,   8.65936279     ,  0.173020169     ,   22.6322346    
   1.09710956     ,   8.65736675     ,  0.148076251     ,   22.6577263    
   1.09220850     ,   8.65518856     ,  0.123213574     ,   22.6831627    
   1.08727682     ,   8.65282917     ,   9.84359756E-02 ,   22.7085361    
   1.08231473     ,   8.65028954     ,   7.37483948E-02 ,   22.7338448    
   1.07732129     ,   8.64757061     ,   4.91558090E-02 ,   22.7590866    
   1.07229650     ,   8.64467430     ,   2.46623997E-02 ,   22.7842579    
   1.06724012     ,   8.64160252     ,   2.72750854E-04 ,   22.8093548    
   1.06215167     ,   8.63835621     ,  -2.40081791E-02 ,   22.8343754    
   1.05703092     ,   8.63493538     ,  -4.81761917E-02 ,   22.8593159    
   1.05187678     ,   8.63134193     ,  -7.22263306E-02 ,   22.8841724    
   1.04668999     ,   8.62757874     ,  -9.61540192E-02 ,   22.9089432    
   1.04146957     ,   8.62364483     , -0.119955063     ,   22.9336262    
   1.03621519     ,   8.61954308     , -0.143624112     ,   22.9582157    
   1.03092694     ,   8.61527443     , -0.167157367     ,   22.9827099    
   1.02560425     ,   8.61084080     , -0.190549463     ,   23.0071068    
   1.02024615     ,   8.60624218     , -0.213796616     ,   23.0314007    
   1.01485324     ,   8.60148048     , -0.236893460     ,   23.0555916    
   1.00942457     ,   8.59655571     , -0.259835809     ,   23.0796776    
   1.00396001     ,   8.59147263     , -0.282618701     ,   23.1036510    
  0.998459220     ,   8.58622932     , -0.305238336     ,   23.1275139    
  0.992922187     ,   8.58082771     , -0.327688605     ,   23.1512585    
  0.987347782     ,   8.57526970     , -0.349966437     ,   23.1748867    
  0.981736004     ,   8.56955719     , -0.372066498     ,   23.1983929    
  0.976086795     ,   8.56369019     , -0.393984228     ,   23.2217751    
  0.970399499     ,   8.55767059     , -0.415715784     ,   23.2450314    
  0.964673996     ,   8.55150032     , -0.437255085     ,   23.2681580    
  0.958909631     ,   8.54517937     , -0.458598316     ,   23.2911510    
  0.953106284     ,   8.53870964     , -0.479740918     ,   23.3140106    
  0.947263718     ,   8.53209209     , -0.500678241     ,   23.3367329    
  0.941381097     ,   8.52532959     , -0.521405816     ,   23.3593159    
  0.935458779     ,   8.51842117     , -0.541918933     ,   23.3817558    
  0.929495633     ,   8.51136971     , -0.562212348     ,   23.4040527    
  0.923492074     ,   8.50417519     , -0.582282245     ,   23.4262028    
  0.917447269     ,   8.49684143     , -0.602124035     ,   23.4482021    
